model_name,mu,sigma,folds,mean_ll_train,mean_ll_test,sd_ll_train,sd_ll_test
input,0,0.001,10,-907543.8412382669,-100478.16852847459,71.20418569241588,220.4890411369723
input,0,0.01,10,-248592.2359628447,-27261.34835733249,96.20230069134415,240.2239939264364
input,0,0.02,10,-181580.83383461265,-19815.65269011593,112.25342277399358,254.05699149549056
input,0,0.05,10,-157535.3478007151,-17143.97079089762,122.87109929502768,266.6001962542557
input,0,0.1,10,-153744.05421063755,-16722.73897244438,125.27661540800865,270.8051473988029
input,0,0.2,10,-152724.2897348186,-16609.442563867215,126.27782011723717,272.514015253551
input,0,0.5,10,-152416.66693339855,-16575.272684818843,127.17763823571849,273.45185671816876
